User ID,Password
chelseareed,chelsea
monicamorgan,monica
andrewjohnson,andrew
brittanygarcia,brittany
sarahbradley,sarah
jennifercasey,jennifer
brendadaniels,brenda
amandadavis,amanda
robinscott,robin
sharonking,sharon
stevenchristensen,steven
christinamitchell,christina
thomascollins,thomas
dylanclark,dylan
ashleyedwards,ashley
marymunoz,mary
victoriadiaz,victoria
keithtorres,keith
danielleschneider,danielle
kaylasmith,kayla
emilywillis,emily
loriferguson,lori
erikabrown,erika
jillianmurphy,jillian
peterhall,peter
dianescott,diane
nancymcguire,nancy
kimberlybarron,kimberly
laurengregory,lauren
kellivargas,kelli
ronaldclark,ronald
markglass,mark
amywillis,amy
justinhernandez,justin
katherinehowe,katherine
anayoung,ana
melissaneal,melissa
staceyjohnson,stacey
sandynicholson,sandy
christopherroberts,christopher
brandonmoreno,brandon
jessicamorris,jessica
andreajohnson,andrea
davidcochran,david
staceyochoa,stacey
shawnhood,shawn
ryanhill,ryan
zacharyyang,zachary
tonyadavis,tonya
briannaford,brianna
carriesanchez,carrie
michaelcombs,michael
richardkelly,richard
jessicanelson,jessica
robertbarber,robert
franklandry,frank
jasmineferguson,jasmine
toddpacheco,todd
codywyatt,cody
billysantos,billy
kathleenwolfe,kathleen
kimberlyacosta,kimberly
randallsuarez,randall
vanessamoore,vanessa
juliesmith,julie
kimberlymorris,kimberly
jamescarlson,james
samanthadavis,samantha
derrickmooney,derrick
briangutierrez,brian
kimberlyrusso,kimberly
normanthomas,norman
davidwilcox,david
baileyprice,bailey
wendyroberts,wendy
raymondhernandez,raymond
jeffreyroberts,jeffrey
brettbruce,brett
laurenschmidt,lauren
davidcollins,david
kimberlyperry,kimberly
patriciakeller,patricia
sharoncohen,sharon
lindseysawyer,lindsey
samuelarmstrong,samuel
williamburch,william
geraldlee,gerald
jamiemorgan,jamie
karenfranklin,karen
christopherhogan,christopher
ericcoleman,eric
tiffanybarrera,tiffany
vincenttaylor,vincent
lauracruz,laura
samuelmartin,samuel
blakebarnett,blake
angelagreen,angela
joshualeonard,joshua
angelicafoster,angelica
margarethuang,margaret
